Timestamp,AccX,AccY,AccZ,GyroX,GyroY,GyroZ
2026-07-27 13:51:01.588,0.11,-0.02,0.98,0.12,-15.38,0.67
2026-07-27 13:51:01.616,0.11,-0.03,0.98,0.55,-8.54,3.42
2026-07-27 13:51:01.645,0.11,-0.03,0.98,0.55,-8.54,3.42
2026-07-27 13:51:01.670,0.12,-0.02,0.98,0.24,-2.99,-0.79
2026-07-27 13:51:01.684,0.12,-0.02,0.98,0.24,-2.99,-0.79
2026-07-27 13:51:01.712,0.12,-0.02,0.99,0.0,-0.79,-2.5
2026-07-27 13:51:01.741,0.12,-0.02,0.99,0.31,-2.99,1.16
2026-07-27 13:51:01.756,0.12,-0.02,0.99,0.31,-2.99,1.16
2026-07-27 13:51:01.780,0.11,-0.03,0.98,0.67,-4.76,5.98
2026-07-27 13:51:01.794,0.11,-0.03,0.98,0.67,-4.76,5.98
2026-07-27 13:51:01.822,0.11,-0.02,0.99,0.85,-2.87,7.51
2026-07-27 13:51:01.850,0.12,-0.02,0.99,0.85,-1.1,6.77
2026-07-27 13:51:01.876,0.12,-0.02,0.99,0.85,-1.1,6.77
2026-07-27 13:51:01.905,0.12,-0.02,0.99,0.79,-0.31,5.55
2026-07-27 13:51:01.918,0.12,-0.02,0.99,0.79,-0.31,5.55
2026-07-27 13:51:01.945,0.13,-0.02,0.99,0.61,0.37,3.54
2026-07-27 13:51:01.973,0.12,-0.02,0.99,0.43,0.12,1.95
2026-07-27 13:51:01.987,0.12,-0.02,0.99,0.43,0.12,1.95
2026-07-27 13:51:02.015,0.12,-0.02,0.99,0.37,-0.55,1.77
2026-07-27 13:51:02.042,0.12,-0.02,0.99,0.37,-0.55,1.77
2026-07-27 13:51:02.069,0.12,-0.02,0.99,0.37,-0.98,1.89
2026-07-27 13:51:02.083,0.12,-0.02,0.99,0.37,-0.98,1.89
2026-07-27 13:51:02.108,0.12,-0.02,0.99,0.37,-0.98,1.89
2026-07-27 13:51:02.124,0.12,-0.02,0.99,0.37,-0.98,1.89
2026-07-27 13:51:02.153,0.13,-0.02,0.99,0.49,-1.89,2.62
2026-07-27 13:51:02.166,0.13,-0.02,0.98,0.61,-1.65,3.78
2026-07-27 13:51:02.194,0.13,-0.02,0.98,0.61,-1.65,3.78
2026-07-27 13:51:02.220,0.13,-0.02,0.98,0.55,0.0,3.48
2026-07-27 13:51:02.234,0.13,-0.02,0.98,0.55,0.0,3.48
2026-07-27 13:51:02.262,0.13,-0.02,0.99,0.24,0.98,1.22
2026-07-27 13:51:02.298,0.13,-0.02,0.99,0.06,0.24,-0.31
2026-07-27 13:51:02.303,0.13,-0.02,0.99,0.06,0.24,-0.31
2026-07-27 13:51:02.331,0.13,-0.03,0.99,0.06,-4.76,-0.85
2026-07-27 13:51:02.372,0.13,-0.03,0.99,0.06,-4.76,-0.85
2026-07-27 13:51:02.373,0.14,-0.03,0.98,0.06,-11.29,-1.34
2026-07-27 13:51:02.399,0.14,-0.02,0.97,-0.06,-7.08,-2.26
2026-07-27 13:51:02.427,0.14,-0.02,0.97,-0.06,-7.08,-2.26
2026-07-27 13:51:02.481,0.14,-0.02,0.98,-0.37,4.64,-3.6
2026-07-27 13:51:02.482,0.14,-0.02,0.98,-0.37,4.64,-3.6
2026-07-27 13:51:02.495,0.13,-0.02,0.99,-0.43,9.64,-3.6
2026-07-27 13:51:02.523,0.13,-0.02,0.99,-0.43,9.64,-3.6
2026-07-27 13:51:02.537,0.13,-0.02,0.99,-0.12,6.35,-1.89
2026-07-27 13:51:02.578,0.13,-0.02,0.99,0.06,2.14,-0.73
2026-07-27 13:51:02.578,0.13,-0.02,0.99,0.06,2.14,-0.73
2026-07-27 13:51:02.609,0.13,-0.02,0.98,0.06,1.22,-0.92
2026-07-27 13:51:02.651,0.12,0.0,0.97,0.06,4.94,-0.98
2026-07-27 13:51:02.661,0.12,0.0,0.97,0.06,4.94,-0.98
2026-07-27 13:51:02.701,0.1,-0.0,0.96,0.31,18.8,0.31
2026-07-27 13:51:02.702,0.1,-0.0,0.96,0.31,18.8,0.31
2026-07-27 13:51:02.730,0.05,-0.03,0.99,-0.12,44.86,-6.53
2026-07-27 13:51:02.757,0.05,-0.03,0.99,-0.12,44.86,-6.53
2026-07-27 13:51:02.781,-0.01,-0.01,1.05,-5.31,63.11,-30.88
2026-07-27 13:51:02.805,0.05,-0.01,1.08,-38.45,55.3,-62.13
2026-07-27 13:51:02.920,0.05,-0.01,1.08,-38.45,55.3,-62.13
2026-07-27 13:51:02.921,0.17,-0.13,1.07,-91.8,49.44,-66.47
2026-07-27 13:51:02.921,0.17,-0.13,1.07,-104.43,58.11,-12.76
2026-07-27 13:51:02.921,0.06,-0.18,1.12,-104.43,58.11,-12.76
2026-07-27 13:51:02.921,-0.17,-0.11,1.11,-55.73,75.38,63.78
2026-07-27 13:51:02.961,-0.17,-0.11,1.11,-55.73,75.38,63.78
2026-07-27 13:51:02.962,-0.3,-0.05,1.04,-7.93,88.44,92.65
2026-07-27 13:51:03.004,-0.3,-0.05,1.04,-7.93,88.44,92.65
2026-07-27 13:51:03.004,-0.34,-0.08,1.06,-10.93,53.16,65.25
2026-07-27 13:51:03.092,-0.28,-0.19,1.03,-37.6,-31.56,6.1
2026-07-27 13:51:03.092,-0.28,-0.19,1.03,-37.6,-31.56,6.1
2026-07-27 13:51:03.093,-0.15,-0.2,0.89,-43.95,-93.38,-64.45
2026-07-27 13:51:03.136,-0.15,-0.2,0.89,-43.95,-93.38,-64.45
2026-07-27 13:51:03.137,-0.11,-0.1,0.83,-28.63,-63.23,-102.36
2026-07-27 13:51:03.271,-0.18,-0.1,0.91,-16.17,38.39,-39.25
2026-07-27 13:51:03.271,-0.18,-0.1,0.91,-16.17,38.39,-39.25
2026-07-27 13:51:03.272,-0.3,-0.32,1.03,9.64,105.22,115.42
2026-07-27 13:51:03.272,-0.3,-0.32,1.03,9.64,105.22,115.42
2026-07-27 13:51:03.272,-0.36,-0.54,1.02,28.44,72.81,216.74
2026-07-27 13:51:03.272,-0.33,-0.55,0.9,-8.73,-12.94,175.05
2026-07-27 13:51:03.368,-0.33,-0.55,0.9,-8.73,-12.94,175.05
2026-07-27 13:51:03.369,-0.26,-0.4,0.82,-42.54,-79.53,66.28
2026-07-27 13:51:03.369,-0.26,-0.4,0.82,-42.54,-79.53,66.28
2026-07-27 13:51:03.486,-0.21,-0.27,0.83,-20.02,-98.27,-1.95
2026-07-27 13:51:03.486,-0.17,-0.25,0.9,20.14,-84.53,-0.18
2026-07-27 13:51:03.486,-0.17,-0.25,0.9,20.14,-84.53,-0.18
2026-07-27 13:51:03.487,-0.12,-0.2,0.95,45.41,-64.33,24.72
2026-07-27 13:51:03.488,-0.12,-0.2,0.95,45.41,-64.33,24.72
2026-07-27 13:51:03.489,-0.06,-0.07,0.92,54.02,-50.05,21.91
2026-07-27 13:51:03.578,-0.06,0.02,0.89,55.54,-31.01,1.53
2026-07-27 13:51:03.578,-0.06,0.02,0.89,55.54,-31.01,1.53
2026-07-27 13:51:03.578,-0.08,0.02,0.94,57.92,-7.26,0.37
2026-07-27 13:51:03.579,-0.08,0.02,0.94,57.92,-7.26,0.37
2026-07-27 13:51:03.623,-0.08,-0.03,0.99,67.2,3.91,26.06
2026-07-27 13:51:03.623,-0.08,-0.03,0.99,67.2,3.91,26.06
2026-07-27 13:51:03.662,-0.04,-0.06,1.02,74.65,0.31,49.68
2026-07-27 13:51:03.756,-0.01,-0.04,1.04,59.27,-7.26,41.32
2026-07-27 13:51:03.756,-0.01,-0.04,1.04,59.27,-7.26,41.32
2026-07-27 13:51:03.756,-0.0,0.0,1.06,31.62,-11.72,9.03
2026-07-27 13:51:03.757,-0.0,0.0,1.06,31.62,-11.72,9.03
2026-07-27 13:51:03.757,0.01,0.05,1.04,7.14,-15.99,-20.45
2026-07-27 13:51:03.835,0.03,0.12,0.99,-12.33,-19.41,-35.89
2026-07-27 13:51:03.836,0.03,0.12,0.99,-12.33,-19.41,-35.89
2026-07-27 13:51:03.836,0.04,0.15,0.96,-18.01,-18.86,-39.79
2026-07-27 13:51:03.923,0.04,0.15,0.96,-18.01,-18.86,-39.79
2026-07-27 13:51:03.924,0.05,0.14,0.94,-10.31,-22.64,-33.51
2026-07-27 13:51:03.924,0.06,0.09,0.93,-5.07,-33.94,-24.54
2026-07-27 13:51:03.925,0.06,0.09,0.93,-5.07,-33.94,-24.54
2026-07-27 13:51:03.967,0.09,0.01,0.93,-5.98,-41.44,-19.41
2026-07-27 13:51:03.968,0.09,0.01,0.93,-5.98,-41.44,-19.41
2026-07-27 13:51:04.055,0.13,-0.01,0.93,-4.03,-36.87,-15.38
2026-07-27 13:51:04.055,0.13,-0.01,0.93,2.2,-20.81,-12.57
2026-07-27 13:51:04.056,0.12,0.04,0.94,2.2,-20.81,-12.57
2026-07-27 13:51:04.056,0.06,0.11,0.95,10.68,-0.12,-10.68
2026-07-27 13:51:04.141,0.06,0.11,0.95,10.68,-0.12,-10.68
2026-07-27 13:51:04.142,0.0,0.13,0.97,14.4,13.85,-8.85
2026-07-27 13:51:04.143,0.0,0.13,0.97,14.4,13.85,-8.85
2026-07-27 13:51:04.186,-0.01,0.09,0.98,1.46,14.22,-9.09
2026-07-27 13:51:04.186,0.02,0.02,0.98,-24.11,3.11,-13.67
2026-07-27 13:51:04.232,0.02,0.02,0.98,-24.11,3.11,-13.67
2026-07-27 13:51:04.233,0.06,0.02,0.96,-43.33,-9.83,-20.57
2026-07-27 13:51:04.273,0.06,0.02,0.96,-43.33,-9.83,-20.57
2026-07-27 13:51:04.274,0.08,0.1,0.96,-36.19,-13.0,-18.62
2026-07-27 13:51:04.369,0.11,0.09,0.98,-2.44,-10.01,-4.27
2026-07-27 13:51:04.370,0.11,0.09,0.98,-2.44,-10.01,-4.27
2026-07-27 13:51:04.371,0.14,0.02,0.97,19.35,-10.19,7.57
2026-07-27 13:51:04.371,0.14,0.02,0.97,19.35,-10.19,7.57
2026-07-27 13:51:04.404,0.12,-0.02,0.99,-0.55,-7.14,1.28
2026-07-27 13:51:04.406,0.12,-0.02,0.99,-32.29,0.98,-13.55
2026-07-27 13:51:04.448,0.09,0.0,1.04,-32.29,0.98,-13.55
2026-07-27 13:51:04.492,0.08,0.03,1.06,-38.57,1.46,-15.75
2026-07-27 13:51:04.492,0.08,0.03,1.06,-38.57,1.46,-15.75
2026-07-27 13:51:04.580,0.08,-0.09,0.95,-20.57,-10.13,-0.43
2026-07-27 13:51:04.580,0.08,-0.09,0.95,-20.57,-10.13,-0.43
2026-07-27 13:51:04.580,0.41,-0.41,0.58,6.77,-35.03,40.34
2026-07-27 13:51:04.586,0.91,-0.51,0.37,28.38,-63.72,83.98
2026-07-27 13:51:04.666,0.91,-0.51,0.37,28.38,-63.72,83.98
2026-07-27 13:51:04.667,0.8,-0.08,0.82,57.07,-77.03,98.51
2026-07-27 13:51:04.668,0.16,0.43,1.47,70.5,-78.67,80.93
2026-07-27 13:51:04.668,0.16,0.43,1.47,70.5,-78.67,80.93
2026-07-27 13:51:04.712,-0.36,0.54,1.61,37.17,-69.34,35.58
2026-07-27 13:51:04.712,-0.36,0.54,1.61,37.17,-69.34,35.58
2026-07-27 13:51:04.754,-0.44,0.34,1.27,-8.12,-42.54,-6.84
2026-07-27 13:51:04.798,-0.27,0.1,0.89,-39.43,-14.47,-17.58
2026-07-27 13:51:04.798,-0.27,0.1,0.89,-39.43,-14.47,-17.58
2026-07-27 13:51:04.842,-0.07,-0.01,0.78,-51.82,3.3,-0.31
2026-07-27 13:51:04.842,-0.07,-0.01,0.78,-51.82,3.3,-0.31
2026-07-27 13:51:04.885,0.08,0.02,0.95,-42.3,8.85,31.43
2026-07-27 13:51:04.885,0.17,0.12,1.2,-20.87,7.45,58.96
2026-07-27 13:51:04.930,0.17,0.12,1.2,-20.87,7.45,58.96
2026-07-27 13:51:04.930,0.25,0.18,1.31,-6.23,7.69,59.27
2026-07-27 13:51:05.017,0.25,0.18,1.31,-6.23,7.69,59.27
2026-07-27 13:51:05.017,0.38,0.17,1.22,-4.82,-6.16,24.78
2026-07-27 13:51:05.018,0.49,0.19,1.02,-5.55,-20.26,10.31
2026-07-27 13:51:05.019,0.49,0.19,1.02,-5.55,-20.26,10.31
2026-07-27 13:51:05.104,0.44,0.29,0.83,3.23,-6.96,61.1
2026-07-27 13:51:05.105,0.44,0.29,0.83,3.23,-6.96,61.1
2026-07-27 13:51:05.105,0.31,0.31,0.76,22.89,16.42,113.95
2026-07-27 13:51:05.175,0.21,0.17,0.82,41.32,32.65,94.12
2026-07-27 13:51:05.177,0.21,0.17,0.82,41.32,32.65,94.12
2026-07-27 13:51:05.191,0.19,0.08,0.89,71.47,54.02,-3.72
2026-07-27 13:51:05.192,0.19,0.08,0.89,71.47,54.02,-3.72
2026-07-27 13:51:05.236,0.29,0.07,0.91,100.59,90.58,-112.92
2026-07-27 13:51:05.236,0.38,-0.06,0.96,57.98,111.02,-135.62
2026-07-27 13:51:05.279,0.38,-0.06,0.96,57.98,111.02,-135.62
2026-07-27 13:51:05.323,0.32,-0.19,1.0,-2.5,82.15,-59.27
2026-07-27 13:51:05.323,0.32,-0.19,1.0,-2.5,82.15,-59.27
2026-07-27 13:51:05.410,0.2,-0.18,0.98,-5.68,23.93,22.71
2026-07-27 13:51:05.411,0.2,-0.12,0.94,1.53,-38.45,37.23
2026-07-27 13:51:05.413,0.2,-0.12,0.94,1.53,-38.45,37.23
2026-07-27 13:51:05.413,0.31,-0.13,0.85,15.62,-97.78,25.45
2026-07-27 13:51:05.458,0.31,-0.13,0.85,15.62,-97.78,25.45
2026-07-27 13:51:05.458,0.47,-0.16,0.67,42.79,-127.2,26.67
2026-07-27 13:51:05.557,0.61,-0.13,0.68,31.98,-94.6,19.41
2026-07-27 13:51:05.557,0.61,-0.13,0.68,31.98,-94.6,19.41
2026-07-27 13:51:05.558,0.42,-0.1,0.85,-47.67,36.07,68.42
2026-07-27 13:51:05.558,0.42,-0.1,0.85,-47.67,36.07,68.42
2026-07-27 13:51:05.586,-0.04,-0.18,1.01,-135.74,193.48,163.45
2026-07-27 13:51:05.631,-0.27,-0.19,1.05,-119.93,203.19,186.34
2026-07-27 13:51:05.631,-0.27,-0.19,1.05,-119.93,203.19,186.34
2026-07-27 13:51:05.673,-0.26,-0.08,0.89,-11.96,84.17,150.39
2026-07-27 13:51:05.673,-0.26,-0.08,0.89,-11.96,84.17,150.39
2026-07-27 13:51:05.761,-0.19,0.01,0.7,75.87,-19.59,129.21
2026-07-27 13:51:05.761,-0.1,0.16,0.56,113.34,-65.25,142.52
2026-07-27 13:51:05.762,-0.1,0.16,0.56,113.34,-65.25,142.52
2026-07-27 13:51:05.762,-0.03,0.32,0.54,154.66,-73.12,183.47
2026-07-27 13:51:05.804,-0.03,0.32,0.54,154.66,-73.12,183.47
2026-07-27 13:51:05.805,0.07,0.49,0.62,213.01,-58.72,217.71
2026-07-27 13:51:05.848,0.16,0.75,0.8,239.07,8.3,196.17
2026-07-27 13:51:05.848,0.16,0.75,0.8,239.07,8.3,196.17
2026-07-27 13:51:05.892,0.1,0.95,1.13,195.13,123.84,137.45
2026-07-27 13:51:05.936,0.1,0.95,1.13,80.51,223.88,90.45
2026-07-27 13:51:05.936,-0.1,0.88,1.32,80.51,223.88,90.45
2026-07-27 13:51:05.979,-0.36,0.67,1.18,-23.19,264.71,62.38
2026-07-27 13:51:05.979,-0.36,0.67,1.18,-23.19,264.71,62.38
2026-07-27 13:51:06.028,-0.49,0.62,0.92,-29.66,235.47,35.77
2026-07-27 13:51:06.028,-0.48,0.65,0.78,32.96,171.26,8.97
2026-07-27 13:51:06.067,-0.48,0.65,0.78,32.96,171.26,8.97
2026-07-27 13:51:06.067,-0.44,0.77,0.71,141.3,99.43,-8.54
2026-07-27 13:51:06.111,-0.44,0.77,0.71,141.3,99.43,-8.54
2026-07-27 13:51:06.154,-0.22,0.93,0.51,224.98,-36.13,6.23
2026-07-27 13:51:06.155,0.14,0.87,0.23,196.72,-237.18,67.44
2026-07-27 13:51:06.198,0.14,0.87,0.23,196.72,-237.18,67.44
2026-07-27 13:51:06.198,0.53,0.8,0.15,88.32,-385.01,136.6
2026-07-27 13:51:06.242,0.53,0.8,0.15,88.32,-385.01,136.6
2026-07-27 13:51:06.242,0.77,0.82,0.19,13.37,-364.38,124.82
2026-07-27 13:51:06.285,0.81,0.95,0.22,20.39,-197.63,21.18
2026-07-27 13:51:06.286,0.81,0.95,0.22,20.39,-197.63,21.18
2026-07-27 13:51:06.329,0.69,1.08,0.49,32.35,-5.49,-58.41
2026-07-27 13:51:06.330,0.69,1.08,0.49,32.35,-5.49,-58.41
2026-07-27 13:51:06.419,0.43,1.07,0.81,16.48,118.41,-38.39
2026-07-27 13:51:06.419,0.2,0.95,0.87,-35.71,125.85,51.76
2026-07-27 13:51:06.419,0.2,0.95,0.87,-35.71,125.85,51.76
2026-07-27 13:51:06.461,0.07,0.84,0.81,-126.53,55.79,129.15
2026-07-27 13:51:06.461,0.07,0.84,0.81,-126.53,55.79,129.15
2026-07-27 13:51:06.554,0.03,0.74,0.87,-195.86,-1.46,167.85
2026-07-27 13:51:06.555,-0.01,0.59,0.97,-190.92,-23.8,183.29
2026-07-27 13:51:06.555,-0.01,0.59,0.97,-190.92,-23.8,183.29
2026-07-27 13:51:06.555,-0.07,0.39,0.99,-107.42,-48.4,158.57
2026-07-27 13:51:06.592,-0.07,0.39,0.99,-6.96,-73.49,106.57
2026-07-27 13:51:06.592,-0.19,0.24,0.86,-6.96,-73.49,106.57
2026-07-27 13:51:06.637,-0.29,0.16,0.66,49.32,-77.94,53.71
2026-07-27 13:51:06.680,-0.29,0.16,0.66,49.32,-77.94,53.71
2026-07-27 13:51:06.680,-0.39,0.1,0.48,70.37,-70.98,8.06
2026-07-27 13:51:06.729,-0.31,-0.11,0.58,32.71,-110.72,7.93
2026-07-27 13:51:06.729,-0.31,-0.11,0.58,32.71,-110.72,7.93
2026-07-27 13:51:06.768,-0.16,-0.37,0.87,-21.24,-128.3,23.07
2026-07-27 13:51:06.768,-0.16,-0.37,0.87,-21.24,-128.3,23.07
2026-07-27 13:51:06.811,-0.12,-0.5,1.09,-28.5,-1.65,-15.14
2026-07-27 13:51:06.811,-0.04,-0.55,1.39,-53.89,168.95,-52.61
2026-07-27 13:51:06.857,-0.04,-0.55,1.39,-53.89,168.95,-52.61
2026-07-27 13:51:06.899,-0.02,-0.64,1.99,-127.93,271.12,-15.75
2026-07-27 13:51:06.900,-0.02,-0.64,1.99,-127.93,271.12,-15.75
2026-07-27 13:51:06.946,-0.08,-0.9,2.94,-215.33,306.82,70.5
2026-07-27 13:51:06.946,-0.01,-1.43,3.83,-298.03,303.77,156.98
2026-07-27 13:51:06.986,-0.01,-1.43,3.83,-298.03,303.77,156.98
2026-07-27 13:51:06.986,0.2,-2.1,4.0,-373.23,309.45,250.92
2026-07-27 13:51:07.032,0.2,-2.1,4.0,-397.03,338.32,379.58
2026-07-27 13:51:07.032,0.54,-2.35,4.0,-397.03,338.32,379.58
2026-07-27 13:51:07.074,1.05,-1.72,3.48,-337.59,342.35,492.86
2026-07-27 13:51:07.074,1.05,-1.72,3.48,-337.59,342.35,492.86
2026-07-27 13:51:07.161,1.35,-0.65,1.86,-232.6,255.0,473.69
2026-07-27 13:51:07.161,0.98,0.05,0.15,-123.05,88.26,306.76
2026-07-27 13:51:07.161,0.98,0.05,0.15,-123.05,88.26,306.76
2026-07-27 13:51:07.205,0.36,0.12,-0.61,-21.42,-39.73,151.18
2026-07-27 13:51:07.206,0.36,0.12,-0.61,-21.42,-39.73,151.18
2026-07-27 13:51:07.250,0.17,-0.04,-0.5,77.82,-34.24,107.6
2026-07-27 13:51:07.250,0.43,-0.05,-0.27,139.71,62.44,119.63
2026-07-27 13:51:07.292,0.43,-0.05,-0.27,139.71,62.44,119.63
2026-07-27 13:51:07.292,0.73,0.05,-0.27,119.51,144.65,109.99
2026-07-27 13:51:07.340,0.73,0.05,-0.27,119.51,144.65,109.99
2026-07-27 13:51:07.380,0.87,0.12,-0.37,67.5,157.71,60.36
2026-07-27 13:51:07.380,0.8,0.09,-0.45,44.31,101.2,20.32
2026-07-27 13:51:07.511,0.8,0.09,-0.45,44.31,101.2,20.32
2026-07-27 13:51:07.511,0.64,0.01,-0.39,27.95,19.78,-16.36
2026-07-27 13:51:07.511,0.64,0.01,-0.39,27.95,19.78,-16.36
2026-07-27 13:51:07.512,0.55,-0.04,-0.21,-11.84,-38.64,-81.54
2026-07-27 13:51:07.513,0.57,-0.11,0.0,-39.55,-75.32,-120.3
2026-07-27 13:51:07.515,0.57,-0.11,0.0,-39.55,-75.32,-120.3
2026-07-27 13:51:07.555,0.68,-0.18,0.19,-22.16,-109.07,-99.98
2026-07-27 13:51:07.555,0.68,-0.18,0.19,-22.16,-109.07,-99.98
2026-07-27 13:51:07.614,0.96,-0.15,0.51,-7.69,-148.19,-78.55
2026-07-27 13:51:07.643,1.7,-0.18,1.45,-15.08,-208.44,-93.69
2026-07-27 13:51:07.643,1.7,-0.18,1.45,-15.08,-208.44,-93.69
2026-07-27 13:51:07.740,2.32,-1.21,3.0,9.09,-334.47,-143.92
2026-07-27 13:51:07.741,2.32,-1.21,3.0,9.09,-334.47,-143.92
2026-07-27 13:51:07.741,2.25,-3.0,4.0,12.7,-508.91,-287.78
2026-07-27 13:51:07.741,1.7,-3.9,4.0,-35.83,-647.16,-467.04
2026-07-27 13:51:07.773,1.7,-3.9,4.0,-35.83,-647.16,-467.04
2026-07-27 13:51:07.774,0.73,-3.5,3.88,-75.26,-670.84,-487.0
2026-07-27 13:51:07.816,0.73,-3.5,3.88,-75.26,-670.84,-487.0
2026-07-27 13:51:07.817,0.73,-3.5,3.88,-75.26,-670.84,-487.0
2026-07-27 13:51:07.861,0.73,-3.5,3.88,-75.26,-670.84,-487.0
2026-07-27 13:51:07.861,-0.37,-1.5,1.34,-166.44,-236.15,-326.7
2026-07-27 13:51:07.906,-0.24,-0.94,0.63,-105.53,-63.72,-263.12
2026-07-27 13:51:07.906,-0.24,-0.94,0.63,-105.53,-63.72,-263.12
2026-07-27 13:51:07.947,-0.1,-0.75,0.5,20.57,-27.53,-198.79
2026-07-27 13:51:07.992,-0.27,-0.78,0.54,106.63,-47.91,-179.75
2026-07-27 13:51:07.992,-0.27,-0.78,0.54,106.63,-47.91,-179.75
2026-07-27 13:51:08.037,-0.66,-0.96,0.42,97.05,-45.72,-188.84
2026-07-27 13:51:08.037,-0.66,-0.96,0.42,97.05,-45.72,-188.84
2026-07-27 13:51:08.079,-0.75,-1.05,0.25,52.25,4.27,-155.03
2026-07-27 13:51:08.079,-0.46,-0.88,0.24,23.74,58.96,-43.03
2026-07-27 13:51:08.124,-0.46,-0.88,0.24,23.74,58.96,-43.03
2026-07-27 13:51:08.124,-0.23,-0.73,0.46,2.75,85.63,83.13
2026-07-27 13:51:08.167,-0.23,-0.73,0.46,2.75,85.63,83.13
2026-07-27 13:51:08.167,-0.13,-0.84,0.97,9.28,102.6,150.57
2026-07-27 13:51:08.222,-0.09,-1.1,1.89,59.88,130.13,183.78
2026-07-27 13:51:08.223,-0.09,-1.1,1.89,59.88,130.13,183.78
2026-07-27 13:51:08.255,-0.04,-1.35,3.06,79.83,199.77,214.36
2026-07-27 13:51:08.255,-0.04,-1.35,3.06,79.83,199.77,214.36
2026-07-27 13:51:08.298,0.52,-1.48,3.96,-28.5,323.67,194.4
2026-07-27 13:51:08.386,1.41,-1.76,4.0,-185.36,428.77,202.39
2026-07-27 13:51:08.387,1.41,-1.76,4.0,-185.36,428.77,202.39
2026-07-27 13:51:08.387,1.76,-2.22,4.0,-208.92,499.33,343.14
2026-07-27 13:51:08.387,1.76,-2.22,4.0,-208.92,499.33,343.14
2026-07-27 13:51:08.429,1.81,-2.29,4.0,-148.99,581.67,448.85
2026-07-27 13:51:08.429,1.77,-1.75,3.75,-99.85,613.95,447.51
2026-07-27 13:51:08.475,1.77,-1.75,3.75,-99.85,613.95,447.51
2026-07-27 13:51:08.560,1.5,-0.94,2.72,-34.85,541.93,409.97
2026-07-27 13:51:08.560,1.16,-0.25,1.16,-3.78,416.38,313.84
2026-07-27 13:51:08.561,1.16,-0.25,1.16,-3.78,416.38,313.84
2026-07-27 13:51:08.562,0.97,0.17,0.05,-18.25,278.5,215.45
2026-07-27 13:51:08.604,0.97,0.17,0.05,-18.25,278.5,215.45
2026-07-27 13:51:08.604,0.94,0.31,-0.32,-22.83,159.18,172.97
2026-07-27 13:51:08.648,1.02,0.14,-0.31,15.69,102.91,146.0
2026-07-27 13:51:08.648,1.02,0.14,-0.31,15.69,102.91,146.0
2026-07-27 13:51:08.698,1.11,-0.14,-0.27,74.52,95.52,101.87
2026-07-27 13:51:08.738,1.11,-0.14,-0.27,95.64,72.2,38.02
2026-07-27 13:51:08.738,1.11,-0.3,-0.21,95.64,72.2,38.02
2026-07-27 13:51:08.779,0.96,-0.39,-0.03,77.15,5.31,-32.9
2026-07-27 13:51:08.779,0.96,-0.39,-0.03,77.15,5.31,-32.9
2026-07-27 13:51:08.867,0.72,-0.47,0.21,54.93,-73.3,-79.96
2026-07-27 13:51:08.869,0.72,-0.47,0.21,54.93,-73.3,-79.96
2026-07-27 13:51:08.869,0.51,-0.48,0.37,34.3,-123.84,-92.47
2026-07-27 13:51:08.869,0.42,-0.36,0.36,5.13,-135.93,-100.4
2026-07-27 13:51:08.955,0.42,-0.36,0.36,5.13,-135.93,-100.4
2026-07-27 13:51:08.955,0.48,-0.21,0.26,-20.45,-128.97,-117.92
2026-07-27 13:51:08.955,0.48,-0.21,0.26,-27.59,-136.54,-129.21
2026-07-27 13:51:08.956,0.78,-0.12,0.3,-27.59,-136.54,-129.21
2026-07-27 13:51:09.085,1.3,-0.34,1.06,-16.24,-218.14,-159.0
2026-07-27 13:51:09.086,1.3,-0.34,1.06,-16.24,-218.14,-159.0
2026-07-27 13:51:09.086,1.43,-1.11,2.69,10.93,-430.79,-226.26
2026-07-27 13:51:09.087,1.53,-2.05,4.0,-0.24,-684.33,-265.08
2026-07-27 13:51:09.088,1.53,-2.05,4.0,-0.24,-684.33,-265.08
2026-07-27 13:51:09.219,2.32,-2.55,4.0,-47.36,-835.27,-242.13
2026-07-27 13:51:09.219,2.32,-2.55,4.0,-47.36,-835.27,-242.13
2026-07-27 13:51:09.219,2.28,-2.38,4.0,-88.99,-849.3,-192.08
2026-07-27 13:51:09.221,0.95,-1.73,3.52,-161.25,-705.44,-166.38
2026-07-27 13:51:09.221,0.95,-1.73,3.52,-161.25,-705.44,-166.38
2026-07-27 13:51:09.221,-0.1,-1.1,2.45,-226.44,-427.67,-182.5
2026-07-27 13:51:09.261,-0.1,-1.1,2.45,-226.44,-427.67,-182.5
2026-07-27 13:51:09.318,-0.24,-0.74,1.46,-209.11,-132.45,-207.9
2026-07-27 13:51:09.318,0.03,-0.56,0.9,-120.85,61.95,-224.98
2026-07-27 13:51:09.348,0.03,-0.56,0.9,-120.85,61.95,-224.98
2026-07-27 13:51:09.348,0.09,-0.5,0.68,-15.81,102.78,-221.07
2026-07-27 13:51:09.392,-0.14,-0.6,0.68,66.16,47.73,-183.35
2026-07-27 13:51:09.393,-0.14,-0.6,0.68,66.16,47.73,-183.35
2026-07-27 13:51:09.442,-0.39,-0.78,0.82,108.03,-1.46,-111.94
2026-07-27 13:51:09.442,-0.39,-0.78,0.82,108.03,-1.46,-111.94
2026-07-27 13:51:09.479,-0.47,-0.86,1.02,103.94,10.25,-15.5
2026-07-27 13:51:09.523,-0.26,-0.82,1.26,67.87,85.08,72.39
2026-07-27 13:51:09.523,-0.26,-0.82,1.26,67.87,85.08,72.39
2026-07-27 13:51:09.612,0.07,-0.77,1.51,22.16,184.51,119.51
2026-07-27 13:51:09.612,0.07,-0.77,1.51,22.16,184.51,119.51
2026-07-27 13:51:09.612,0.32,-0.71,1.83,-1.53,276.25,135.19
2026-07-27 13:51:09.653,0.48,-0.65,2.35,-3.6,349.18,136.29
2026-07-27 13:51:09.654,0.48,-0.65,2.35,-3.6,349.18,136.29
2026-07-27 13:51:09.655,0.6,-0.74,3.18,-9.7,398.5,147.83
2026-07-27 13:51:09.704,0.6,-0.74,3.18,-9.7,398.5,147.83
2026-07-27 13:51:09.705,0.76,-1.01,3.92,-39.61,438.29,172.79
2026-07-27 13:51:09.748,0.85,-1.31,4.0,-110.96,477.36,179.63
2026-07-27 13:51:09.873,0.85,-1.31,4.0,-110.96,477.36,179.63
2026-07-27 13:51:09.873,1.05,-1.33,4.0,-190.25,507.57,194.58
2026-07-27 13:51:09.874,1.05,-1.33,4.0,-190.25,507.57,194.58
2026-07-27 13:51:09.875,1.51,-0.86,3.38,-209.59,490.42,266.66
2026-07-27 13:51:09.876,1.63,-0.19,1.81,-152.1,387.7,350.95
2026-07-27 13:51:09.877,1.63,-0.19,1.81,-152.1,387.7,350.95
2026-07-27 13:51:09.960,1.19,0.21,0.25,-96.56,228.64,328.37
2026-07-27 13:51:09.961,1.19,0.21,0.25,-96.56,228.64,328.37
2026-07-27 13:51:09.961,1.19,0.21,0.25,-96.56,228.64,328.37
2026-07-27 13:51:09.962,1.19,0.21,0.25,-96.56,228.64,328.37
2026-07-27 13:51:10.004,0.46,0.38,-0.49,-68.91,-46.94,108.89
2026-07-27 13:51:10.004,0.59,0.39,-0.44,-0.61,-63.48,77.03
2026-07-27 13:51:10.225,0.59,0.39,-0.44,-0.61,-63.48,77.03
2026-07-27 13:51:10.226,0.8,0.35,-0.48,55.79,-7.32,36.25
2026-07-27 13:51:10.226,0.8,0.35,-0.48,55.79,-7.32,36.25
2026-07-27 13:51:10.226,0.78,0.24,-0.47,62.81,27.77,-34.85
2026-07-27 13:51:10.226,0.6,0.08,-0.31,56.52,2.75,-101.32
2026-07-27 13:51:10.227,0.6,0.08,-0.31,56.52,2.75,-101.32
2026-07-27 13:51:10.227,0.41,-0.09,-0.06,60.18,-39.31,-130.68
2026-07-27 13:51:10.227,0.41,-0.09,-0.06,60.18,-39.31,-130.68
2026-07-27 13:51:10.229,0.3,-0.18,0.15,70.01,-70.86,-122.19
2026-07-27 13:51:10.266,0.33,-0.13,0.27,83.62,-102.29,-107.36
2026-07-27 13:51:10.267,0.33,-0.13,0.27,83.62,-102.29,-107.36
2026-07-27 13:51:10.310,0.54,-0.05,0.36,77.15,-114.14,-122.62
2026-07-27 13:51:10.311,0.54,-0.05,0.36,77.15,-114.14,-122.62
2026-07-27 13:51:10.355,1.15,0.03,0.59,60.91,-117.31,-152.59
2026-07-27 13:51:10.400,2.48,-0.06,1.6,81.91,-189.58,-161.99
2026-07-27 13:51:10.400,2.48,-0.06,1.6,81.91,-189.58,-161.99
2026-07-27 13:51:10.441,3.83,-1.13,3.21,125.37,-420.35,-198.12
2026-07-27 13:51:10.442,3.83,-1.13,3.21,87.4,-745.61,-347.66
2026-07-27 13:51:10.529,4.0,-2.68,4.0,87.4,-745.61,-347.66
2026-07-27 13:51:10.530,3.29,-3.11,4.0,-41.02,-915.83,-508.73
2026-07-27 13:51:10.530,3.29,-3.11,4.0,-41.02,-915.83,-508.73
2026-07-27 13:51:10.531,1.39,-2.44,3.63,-71.53,-804.57,-454.65
2026-07-27 13:51:10.572,0.04,-1.51,2.39,14.65,-506.04,-223.63
2026-07-27 13:51:10.573,0.04,-1.51,2.39,14.65,-506.04,-223.63
2026-07-27 13:51:10.617,-0.12,-0.74,1.27,40.34,-192.08,-56.76
2026-07-27 13:51:10.617,-0.12,-0.74,1.27,40.34,-192.08,-56.76
2026-07-27 13:51:10.661,0.14,-0.35,0.72,-25.27,-11.47,-52.06
2026-07-27 13:51:10.714,0.1,-0.37,0.65,-95.46,19.65,-135.25
2026-07-27 13:51:10.714,0.1,-0.37,0.65,-95.46,19.65,-135.25
2026-07-27 13:51:10.748,-0.26,-0.76,0.73,-95.64,1.46,-205.87
2026-07-27 13:51:10.748,-0.64,-1.3,0.82,-15.01,8.85,-224.67
2026-07-27 13:51:10.791,-0.64,-1.3,0.82,-15.01,8.85,-224.67
2026-07-27 13:51:10.880,-0.59,-1.51,0.93,39.79,64.03,-164.0
2026-07-27 13:51:10.881,-0.59,-1.51,0.93,39.79,64.03,-164.0
2026-07-27 13:51:10.881,0.01,-1.08,1.09,-27.47,153.08,-21.67
2026-07-27 13:51:10.881,0.67,-0.47,1.4,-140.08,214.11,119.02
2026-07-27 13:51:10.923,0.67,-0.47,1.4,-140.08,214.11,119.02
2026-07-27 13:51:10.923,0.91,-0.27,1.93,-173.77,212.28,206.91
2026-07-27 13:51:10.968,0.91,-0.27,1.93,-173.77,212.28,206.91
2026-07-27 13:51:10.968,0.81,-0.59,2.56,-127.5,203.37,254.27
2026-07-27 13:51:11.100,0.87,-1.09,3.15,-99.37,247.31,269.96
2026-07-27 13:51:11.100,0.87,-1.09,3.15,-99.37,247.31,269.96
2026-07-27 13:51:11.100,1.22,-1.45,3.71,-123.9,330.44,288.76
2026-07-27 13:51:11.100,1.22,-1.45,3.71,-123.9,330.44,288.76
2026-07-27 13:51:11.101,1.63,-1.53,4.0,-173.58,421.94,332.4
2026-07-27 13:51:11.142,1.73,-1.38,4.0,-219.3,498.29,381.16
2026-07-27 13:51:11.142,1.73,-1.38,4.0,-219.3,498.29,381.16
2026-07-27 13:51:11.185,1.33,-1.22,3.93,-195.74,531.31,424.26
2026-07-27 13:51:11.185,1.33,-1.22,3.93,-109.25,504.58,447.69
2026-07-27 13:51:11.274,1.06,-0.88,2.89,-109.25,504.58,447.69
2026-07-27 13:51:11.274,1.15,-0.18,0.95,-47.3,372.13,431.4
2026-07-27 13:51:11.274,1.15,-0.18,0.95,-47.3,372.13,431.4
2026-07-27 13:51:11.274,0.98,0.19,-0.48,-20.57,117.13,371.34
2026-07-27 13:51:11.317,0.61,0.13,-0.67,15.75,-116.33,257.87
2026-07-27 13:51:11.362,0.61,0.13,-0.67,15.75,-116.33,257.87
2026-07-27 13:51:11.403,0.45,0.1,-0.41,31.13,-169.86,112.55
2026-07-27 13:51:11.405,0.45,0.1,-0.41,31.13,-169.86,112.55
2026-07-27 13:51:11.405,0.59,0.02,-0.39,24.6,-81.18,-5.13
2026-07-27 13:51:11.448,0.8,-0.11,-0.47,29.6,11.05,-70.92
2026-07-27 13:51:11.448,0.8,-0.11,-0.47,29.6,11.05,-70.92
2026-07-27 13:51:11.494,0.77,-0.17,-0.42,20.57,28.08,-104.13
2026-07-27 13:51:11.495,0.77,-0.17,-0.42,20.57,28.08,-104.13
2026-07-27 13:51:11.540,0.56,-0.2,-0.25,8.36,-22.46,-120.48
2026-07-27 13:51:11.579,0.37,-0.23,-0.04,12.94,-88.32,-123.35
2026-07-27 13:51:11.579,0.37,-0.23,-0.04,12.94,-88.32,-123.35
2026-07-27 13:51:11.623,0.26,-0.24,0.1,11.6,-128.85,-130.62
2026-07-27 13:51:11.623,0.26,-0.24,0.1,11.6,-128.85,-130.62
2026-07-27 13:51:11.671,0.25,-0.22,0.13,-3.54,-136.72,-150.45
2026-07-27 13:51:11.671,0.35,-0.21,0.15,-7.08,-129.15,-166.87
2026-07-27 13:51:11.710,0.35,-0.21,0.15,-7.08,-129.15,-166.87
2026-07-27 13:51:11.710,0.81,-0.18,0.31,12.45,-141.3,-172.0
2026-07-27 13:51:11.757,0.81,-0.18,0.31,12.45,-141.3,-172.0
2026-07-27 13:51:11.758,2.09,-0.31,1.27,37.96,-226.01,-182.86
2026-07-27 13:51:11.798,3.61,-1.16,2.98,54.81,-451.84,-218.81
2026-07-27 13:51:11.798,3.61,-1.16,2.98,54.81,-451.84,-218.81
2026-07-27 13:51:11.930,4.0,-2.31,4.0,14.16,-757.75,-296.2
2026-07-27 13:51:11.930,4.0,-2.31,4.0,14.16,-757.75,-296.2
2026-07-27 13:51:11.931,3.16,-2.23,4.0,-64.82,-924.44,-293.4
2026-07-27 13:51:11.931,1.11,-0.97,3.59,-36.87,-830.44,-52.43
2026-07-27 13:51:11.932,1.11,-0.97,3.59,-36.87,-830.44,-52.43
2026-07-27 13:51:12.017,-0.3,0.0,2.25,68.73,-531.56,226.14
2026-07-27 13:51:12.018,-0.3,0.0,2.25,74.4,-189.39,255.07
2026-07-27 13:51:12.018,-0.35,0.19,1.11,74.4,-189.39,255.07
2026-07-27 13:51:12.018,0.13,0.14,0.6,-47.91,22.09,89.23
2026-07-27 13:51:12.060,0.13,0.14,0.6,-47.91,22.09,89.23
2026-07-27 13:51:12.061,0.28,0.21,0.62,-166.02,40.47,-71.41
2026-07-27 13:51:12.117,0.28,0.21,0.62,-145.63,-58.35,-118.9
2026-07-27 13:51:12.246,0.11,0.31,0.96,-145.63,-58.35,-118.9
2026-07-27 13:51:12.247,-0.08,0.26,1.54,13.24,-142.21,-72.51
2026-07-27 13:51:12.247,-0.08,0.26,1.54,13.24,-142.21,-72.51
2026-07-27 13:51:12.247,-0.14,-0.01,2.2,217.96,-121.77,-11.05
2026-07-27 13:51:12.248,0.29,-0.41,2.67,338.93,31.13,-19.17
2026-07-27 13:51:12.279,0.29,-0.41,2.67,338.93,31.13,-19.17
2026-07-27 13:51:12.279,1.36,-0.72,2.78,266.54,279.91,-136.84
2026-07-27 13:51:12.279,1.36,-0.72,2.78,266.54,279.91,-136.84
2026-07-27 13:51:12.323,2.35,-0.78,2.61,39.67,512.27,-271.91
2026-07-27 13:51:12.456,2.68,-0.73,2.38,-184.33,600.1,-296.88
2026-07-27 13:51:12.456,2.68,-0.73,2.38,-184.33,600.1,-296.88
2026-07-27 13:51:12.456,2.51,-0.69,2.23,-264.34,546.88,-175.72
2026-07-27 13:51:12.457,2.51,-0.69,2.23,-264.34,546.88,-175.72
2026-07-27 13:51:12.457,2.18,-0.56,2.13,-171.63,465.15,35.89
2026-07-27 13:51:12.457,1.8,-0.32,1.97,-26.37,410.52,215.33
2026-07-27 13:51:12.498,1.8,-0.32,1.97,-26.37,410.52,215.33
2026-07-27 13:51:12.498,1.43,-0.11,1.66,36.5,365.11,270.14
2026-07-27 13:51:12.545,1.43,-0.11,1.66,-10.38,309.94,229.68
2026-07-27 13:51:12.545,1.17,0.03,1.14,-10.38,309.94,229.68
2026-07-27 13:51:12.717,1.07,0.2,0.51,-108.52,246.83,167.18
2026-07-27 13:51:12.717,1.07,0.2,0.51,-108.52,246.83,167.18
2026-07-27 13:51:12.718,1.0,0.43,-0.05,-178.53,168.21,94.73
2026-07-27 13:51:12.718,0.86,0.56,-0.35,-178.1,53.22,9.95
2026-07-27 13:51:12.719,0.86,0.56,-0.35,-178.1,53.22,9.95
2026-07-27 13:51:12.721,0.73,0.53,-0.28,-110.05,-79.47,-53.41
2026-07-27 13:51:12.721,0.73,0.53,-0.28,-7.14,-185.73,-77.94
2026-07-27 13:51:12.760,0.77,0.36,0.14,-7.14,-185.73,-77.94
2026-07-27 13:51:12.804,0.93,0.09,0.89,95.83,-270.63,-82.21
2026-07-27 13:51:12.805,0.93,0.09,0.89,95.83,-270.63,-82.21
2026-07-27 13:51:12.848,0.98,-0.18,1.81,180.85,-352.54,-69.52
2026-07-27 13:51:12.848,0.81,-0.28,2.41,200.5,-409.42,-60.61
2026-07-27 13:51:12.891,0.81,-0.28,2.41,200.5,-409.42,-60.61
2026-07-27 13:51:12.892,0.76,-0.24,2.42,106.69,-403.44,-105.53
2026-07-27 13:51:12.935,0.76,-0.24,2.42,106.69,-403.44,-105.53
2026-07-27 13:51:12.936,0.88,-0.23,2.16,-19.65,-350.95,-192.93
2026-07-27 13:51:13.026,0.76,-0.32,1.99,-53.96,-299.62,-244.87
2026-07-27 13:51:13.039,0.76,-0.32,1.99,-53.96,-299.62,-244.87
2026-07-27 13:51:13.040,0.32,-0.42,1.86,6.84,-248.54,-213.26
2026-07-27 13:51:13.041,0.32,-0.42,1.86,6.84,-248.54,-213.26
2026-07-27 13:51:13.069,-0.13,-0.42,1.64,66.65,-170.59,-133.61
2026-07-27 13:51:13.111,-0.23,-0.33,1.31,43.21,-61.1,-68.6
2026-07-27 13:51:13.111,-0.23,-0.33,1.31,43.21,-61.1,-68.6
2026-07-27 13:51:13.330,-0.0,-0.18,1.02,-42.85,44.49,-41.02
2026-07-27 13:51:13.330,-0.0,-0.18,1.02,-42.85,44.49,-41.02
2026-07-27 13:51:13.330,0.23,-0.03,0.85,-101.87,104.0,-26.25
2026-07-27 13:51:13.332,0.22,0.03,0.87,-88.75,115.97,-5.8
2026-07-27 13:51:13.334,0.22,0.03,0.87,-88.75,115.97,-5.8
2026-07-27 13:51:13.334,0.03,0.0,1.11,-39.67,105.47,15.75
2026-07-27 13:51:13.334,0.03,0.0,1.11,-39.67,105.47,15.75
2026-07-27 13:51:13.335,-0.05,-0.02,1.64,-14.59,105.29,46.33
2026-07-27 13:51:13.335,0.18,-0.07,2.33,-40.95,141.78,89.72
2026-07-27 13:51:13.337,0.18,-0.07,2.33,-40.95,141.78,89.72
2026-07-27 13:51:13.372,0.59,-0.26,2.96,-97.29,198.18,133.91
2026-07-27 13:51:13.417,0.59,-0.26,2.96,-97.29,198.18,133.91
2026-07-27 13:51:13.418,0.92,-0.49,3.46,-131.96,230.71,161.87
2026-07-27 13:51:13.460,1.04,-0.57,3.63,-107.67,234.25,196.23
2026-07-27 13:51:13.461,1.04,-0.57,3.63,-107.67,234.25,196.23
2026-07-27 13:51:13.504,0.91,-0.45,3.0,-53.59,242.49,242.07
2026-07-27 13:51:13.504,0.79,-0.17,1.7,-31.13,255.13,246.15
2026-07-27 13:51:13.556,0.79,-0.17,1.7,-31.13,255.13,246.15
2026-07-27 13:51:13.591,0.88,0.13,0.37,-30.4,231.63,205.02
2026-07-27 13:51:13.595,0.88,0.13,0.37,-30.4,231.63,205.02
2026-07-27 13:51:13.679,1.08,0.31,-0.64,6.9,164.43,148.56
2026-07-27 13:51:13.680,1.15,0.24,-1.34,93.51,97.47,99.43
2026-07-27 13:51:13.680,1.15,0.24,-1.34,93.51,97.47,99.43
2026-07-27 13:51:13.681,1.04,-0.02,-1.51,160.22,84.47,66.77
2026-07-27 13:51:13.723,1.04,-0.02,-1.51,160.22,84.47,66.77
2026-07-27 13:51:13.723,0.84,-0.2,-1.15,146.0,81.36,35.22
2026-07-27 13:51:13.766,0.65,-0.25,-0.67,83.56,22.83,-1.16
2026-07-27 13:51:13.767,0.65,-0.25,-0.67,83.56,22.83,-1.16
2026-07-27 13:51:13.818,0.52,-0.24,-0.3,25.82,-55.11,-43.7
2026-07-27 13:51:13.818,0.52,-0.24,-0.3,25.82,-55.11,-43.7
2026-07-27 13:51:13.854,0.44,-0.2,-0.1,-10.99,-108.95,-87.22
2026-07-27 13:51:13.943,0.6,-0.04,-0.07,-34.18,-140.87,-115.3
2026-07-27 13:51:13.943,0.6,-0.04,-0.07,-34.18,-140.87,-115.3
2026-07-27 13:51:13.943,1.35,0.11,0.48,-39.06,-185.24,-136.6
2026-07-27 13:51:13.944,1.35,0.11,0.48,-39.06,-185.24,-136.6
2026-07-27 13:51:13.988,2.42,-0.07,2.21,15.38,-286.74,-146.06
2026-07-27 13:51:13.989,3.16,-0.45,3.9,54.32,-449.52,-132.45
2026-07-27 13:51:14.029,3.16,-0.45,3.9,54.32,-449.52,-132.45
2026-07-27 13:51:14.029,3.12,-0.57,4.0,-27.47,-588.01,-125.43
2026-07-27 13:51:14.075,3.12,-0.57,4.0,-27.47,-588.01,-125.43
2026-07-27 13:51:14.075,2.18,-0.4,3.8,-116.46,-616.21,-107.18
2026-07-27 13:51:14.117,1.01,-0.23,2.7,-96.5,-539.49,-47.18
2026-07-27 13:51:14.168,1.01,-0.23,2.7,-96.5,-539.49,-47.18
2026-07-27 13:51:14.169,0.27,-0.16,1.72,-27.04,-414.18,12.27
2026-07-27 13:51:14.204,0.27,-0.16,1.72,9.77,-281.56,31.07
2026-07-27 13:51:14.204,0.05,-0.14,1.2,9.77,-281.56,31.07
2026-07-27 13:51:14.248,0.14,-0.09,1.08,7.87,-157.17,11.41
2026-07-27 13:51:14.249,0.14,-0.09,1.08,7.87,-157.17,11.41
2026-07-27 13:51:14.304,0.23,-0.06,1.21,2.26,-53.83,-28.87
2026-07-27 13:51:14.305,0.23,-0.06,1.21,2.26,-53.83,-28.87
2026-07-27 13:51:14.336,0.12,-0.14,1.4,12.08,27.77,-57.5
2026-07-27 13:51:14.336,0.02,-0.28,1.5,16.72,116.03,-56.03
2026-07-27 13:51:14.379,0.02,-0.28,1.5,16.72,116.03,-56.03
2026-07-27 13:51:14.432,0.27,-0.28,1.52,-3.11,231.2,-66.28
2026-07-27 13:51:14.432,0.27,-0.28,1.52,-3.11,231.2,-66.28
2026-07-27 13:51:14.467,0.81,-0.07,1.57,-44.86,351.68,-122.07
2026-07-27 13:51:14.467,1.31,0.1,1.66,-100.95,431.15,-170.04
2026-07-27 13:51:14.510,1.31,0.1,1.66,-100.95,431.15,-170.04
2026-07-27 13:51:14.511,1.44,0.04,1.72,-134.83,424.19,-130.98
2026-07-27 13:51:14.563,1.44,0.04,1.72,-134.83,424.19,-130.98
2026-07-27 13:51:14.566,1.26,-0.1,1.78,-113.1,344.18,-12.33
2026-07-27 13:51:14.599,1.07,-0.07,1.79,-54.44,273.44,109.07
2026-07-27 13:51:14.599,1.07,-0.07,1.79,-54.44,273.44,109.07
2026-07-27 13:51:14.692,0.97,0.22,1.66,12.21,266.11,180.6
2026-07-27 13:51:14.692,0.97,0.22,1.66,12.21,266.11,180.6
2026-07-27 13:51:14.692,0.81,0.55,1.34,58.41,278.08,172.55
2026-07-27 13:51:14.730,0.52,0.68,1.01,60.79,248.23,70.43
2026-07-27 13:51:14.730,0.52,0.68,1.01,60.79,248.23,70.43
2026-07-27 13:51:14.772,0.22,0.67,0.75,23.99,148.13,-98.39
2026-07-27 13:51:14.773,0.09,0.58,0.51,-20.32,0.92,-215.52
2026-07-27 13:51:14.817,0.09,0.58,0.51,-20.32,0.92,-215.52
2026-07-27 13:51:14.817,0.11,0.39,0.4,-47.36,-102.78,-200.87
2026-07-27 13:51:14.860,0.11,0.39,0.4,-47.36,-102.78,-200.87
2026-07-27 13:51:14.861,0.08,0.24,0.42,-44.68,-129.21,-145.45
2026-07-27 13:51:14.904,0.03,0.17,0.48,-12.39,-121.34,-143.62
2026-07-27 13:51:14.953,0.03,0.17,0.48,-12.39,-121.34,-143.62
2026-07-27 13:51:14.953,0.02,0.11,0.62,31.92,-104.98,-146.3
2026-07-27 13:51:14.996,0.0,0.05,0.79,52.55,-74.16,-92.29
2026-07-27 13:51:14.996,0.0,0.05,0.79,52.55,-74.16,-92.29
2026-07-27 13:51:15.035,-0.09,-0.01,0.96,35.34,-36.25,-17.52
2026-07-27 13:51:15.036,-0.09,-0.01,0.96,35.34,-36.25,-17.52
2026-07-27 13:51:15.080,-0.22,-0.13,1.16,12.33,-25.82,28.93
2026-07-27 13:51:15.123,-0.23,-0.3,1.31,11.23,-50.54,13.92
2026-07-27 13:51:15.123,-0.23,-0.3,1.31,11.23,-50.54,13.92
2026-07-27 13:51:15.174,-0.14,-0.24,1.28,51.45,-60.36,-54.75
2026-07-27 13:51:15.174,-0.14,-0.24,1.28,51.45,-60.36,-54.75
2026-07-27 13:51:15.210,-0.08,-0.07,1.08,64.21,-17.58,-122.38
2026-07-27 13:51:15.211,-0.06,-0.2,0.97,-67.26,19.04,-183.59
2026-07-27 13:51:15.254,-0.06,-0.2,0.97,-67.26,19.04,-183.59
2026-07-27 13:51:15.254,-0.05,-0.42,0.96,-162.78,15.08,-164.25
2026-07-27 13:51:15.304,-0.05,-0.42,0.96,-162.78,15.08,-164.25
2026-07-27 13:51:15.305,-0.04,-0.44,0.87,-79.83,9.28,-37.29
2026-07-27 13:51:15.343,-0.07,-0.28,0.81,25.09,-3.11,73.06
2026-07-27 13:51:15.343,-0.07,-0.28,0.81,25.09,-3.11,73.06
2026-07-27 13:51:15.477,-0.17,-0.12,0.89,57.86,-33.26,112.37
2026-07-27 13:51:15.477,-0.17,-0.12,0.89,57.86,-33.26,112.37
2026-07-27 13:51:15.477,-0.27,-0.05,1.0,29.36,-46.81,91.37
2026-07-27 13:51:15.477,-0.27,-0.05,1.0,-13.67,-23.13,46.63
2026-07-27 13:51:15.478,-0.34,-0.05,1.02,-13.67,-23.13,46.63
2026-07-27 13:51:15.568,-0.37,-0.07,0.95,-25.76,5.07,3.54
2026-07-27 13:51:15.568,-0.37,-0.07,0.95,-25.76,5.07,3.54
2026-07-27 13:51:15.568,-0.31,-0.09,0.94,8.91,-10.38,-41.44
2026-07-27 13:51:15.569,-0.31,-0.09,0.94,8.91,-10.38,-41.44
2026-07-27 13:51:15.611,-0.21,-0.15,1.02,9.22,-39.92,-90.88
2026-07-27 13:51:15.611,-0.18,-0.15,1.02,-52.31,-24.11,-123.78
2026-07-27 13:51:15.647,-0.18,-0.15,1.02,-52.31,-24.11,-123.78
2026-07-27 13:51:15.648,-0.16,-0.09,0.92,-104.06,24.96,-138.0
2026-07-27 13:51:15.736,-0.16,-0.09,0.92,-104.06,24.96,-138.0
2026-07-27 13:51:15.736,-0.09,-0.13,0.86,-111.76,72.75,-150.21
2026-07-27 13:51:15.737,0.01,-0.2,0.88,-51.39,97.6,-165.59
2026-07-27 13:51:15.737,0.01,-0.2,0.88,-51.39,97.6,-165.59
2026-07-27 13:51:15.866,0.04,-0.19,0.96,54.44,84.05,-208.98
2026-07-27 13:51:15.867,0.04,-0.19,0.96,54.44,84.05,-208.98
2026-07-27 13:51:15.867,0.02,-0.08,1.17,90.76,43.88,-264.22
2026-07-27 13:51:15.868,0.05,0.14,1.41,63.29,4.94,-274.23
2026-07-27 13:51:15.869,0.05,0.14,1.41,63.29,4.94,-274.23
2026-07-27 13:51:15.911,0.17,0.33,1.48,30.82,-29.48,-249.15
2026-07-27 13:51:15.911,0.17,0.33,1.48,30.82,-29.48,-249.15
2026-07-27 13:51:15.997,0.36,0.32,1.27,-14.34,-40.95,-224.49
2026-07-27 13:51:15.998,0.42,0.21,1.03,-31.98,-3.05,-200.56
2026-07-27 13:51:15.998,0.42,0.21,1.03,-31.98,-3.05,-200.56
2026-07-27 13:51:15.999,0.31,0.1,1.02,-8.3,80.99,-171.33
2026-07-27 13:51:16.085,0.31,0.1,1.02,-8.3,80.99,-171.33
2026-07-27 13:51:16.085,0.12,-0.01,1.17,47.12,209.59,-127.08
2026-07-27 13:51:16.086,-0.08,0.02,0.98,93.14,360.6,-53.77
2026-07-27 13:51:16.087,-0.08,0.02,0.98,93.14,360.6,-53.77
2026-07-27 13:51:16.129,-0.24,0.18,0.24,93.69,468.63,11.66
2026-07-27 13:51:16.175,-0.24,0.18,0.24,93.69,468.63,11.66
2026-07-27 13:51:16.176,-0.24,0.18,0.24,93.69,468.63,11.66
2026-07-27 13:51:16.176,-0.24,0.18,0.24,93.69,468.63,11.66
2026-07-27 13:51:16.221,-0.24,0.15,-0.61,95.03,358.76,-22.22
2026-07-27 13:51:16.260,-0.1,0.08,-0.43,152.89,201.6,-54.69
2026-07-27 13:51:16.260,-0.1,0.08,-0.43,152.89,201.6,-54.69
2026-07-27 13:51:16.348,0.14,0.14,-0.44,221.5,133.54,-55.42
2026-07-27 13:51:16.348,0.14,0.14,-0.44,221.5,133.54,-55.42
2026-07-27 13:51:16.349,0.45,0.44,-0.78,267.94,127.69,10.01
2026-07-27 13:51:16.350,0.8,1.54,-0.9,298.1,-82.46,204.35
2026-07-27 13:51:16.436,0.8,1.54,-0.9,298.1,-82.46,204.35
2026-07-27 13:51:16.436,1.55,3.12,-0.1,335.51,-685.36,404.85
2026-07-27 13:51:16.436,1.55,3.12,-0.1,335.51,-685.36,404.85
2026-07-27 13:51:16.437,1.55,3.12,-0.1,335.51,-685.36,404.85
2026-07-27 13:51:16.479,1.55,3.12,-0.1,335.51,-685.36,404.85
2026-07-27 13:51:16.480,1.55,3.12,-0.1,335.51,-685.36,404.85
2026-07-27 13:51:16.523,1.55,3.12,-0.1,335.51,-685.36,404.85
2026-07-27 13:51:16.523,1.55,1.71,1.77,300.42,611.51,185.73
2026-07-27 13:51:16.566,0.69,1.82,0.1,169.07,1495.24,269.29
2026-07-27 13:51:16.567,0.69,1.82,0.1,169.07,1495.24,269.29
2026-07-27 13:51:16.616,0.04,1.66,-1.07,-43.09,1416.38,188.35
2026-07-27 13:51:16.654,-0.46,1.18,-1.32,-164.49,730.9,42.97
2026-07-27 13:51:16.654,-0.46,1.18,-1.32,-164.49,730.9,42.97
2026-07-27 13:51:16.699,-0.56,0.77,-0.73,-181.03,-26.25,-41.32
2026-07-27 13:51:16.699,-0.56,0.77,-0.73,-181.03,-26.25,-41.32
2026-07-27 13:51:16.741,-0.38,0.67,0.03,-140.93,-416.63,-69.09
2026-07-27 13:51:16.742,-0.16,0.72,0.46,-100.28,-401.98,-91.74
2026-07-27 13:51:16.788,-0.16,0.72,0.46,-100.28,-401.98,-91.74
2026-07-27 13:51:16.788,0.02,0.72,0.62,-85.21,-254.7,-131.9
2026-07-27 13:51:16.832,0.15,0.62,0.72,-94.24,-171.45,-168.15
2026-07-27 13:51:16.872,0.15,0.62,0.72,-94.24,-171.45,-168.15
2026-07-27 13:51:16.873,0.19,0.54,0.85,-124.02,-161.19,-171.69
2026-07-27 13:51:16.925,0.19,0.54,0.85,-124.02,-161.19,-171.69
2026-07-27 13:51:16.925,0.19,0.49,0.99,-158.94,-155.76,-147.77
2026-07-27 13:51:17.004,0.19,0.44,1.06,-161.56,-109.07,-116.46
2026-07-27 13:51:17.004,0.19,0.44,1.06,-161.56,-109.07,-116.46
2026-07-27 13:51:17.005,0.15,0.43,1.03,-124.27,-32.17,-84.23
2026-07-27 13:51:17.006,0.15,0.43,1.03,-124.27,-32.17,-84.23
2026-07-27 13:51:17.049,0.06,0.45,0.97,-87.52,31.98,-58.65
2026-07-27 13:51:17.092,0.01,0.45,0.87,-65.92,60.36,-42.18
2026-07-27 13:51:17.092,0.01,0.45,0.87,-65.92,60.36,-42.18
2026-07-27 13:51:17.180,0.05,0.47,0.74,-42.79,56.34,-33.02
2026-07-27 13:51:17.180,0.05,0.47,0.74,-42.79,56.34,-33.02
2026-07-27 13:51:17.181,0.14,0.47,0.69,-27.28,27.4,-42.05
2026-07-27 13:51:17.181,0.27,0.4,0.68,-32.71,-7.14,-71.23
2026-07-27 13:51:17.266,0.27,0.4,0.68,-32.71,-7.14,-71.23
2026-07-27 13:51:17.266,0.3,0.29,0.6,-37.48,-34.3,-82.4
2026-07-27 13:51:17.267,0.3,0.29,0.6,-37.48,-34.3,-82.4
2026-07-27 13:51:17.268,0.49,0.11,0.58,-65.92,-73.06,-1.1
2026-07-27 13:51:17.312,0.62,-0.13,0.73,-148.68,-79.71,139.95
2026-07-27 13:51:17.312,0.62,-0.13,0.73,-148.68,-79.71,139.95
2026-07-27 13:51:17.355,0.37,-0.2,0.92,-169.31,-15.38,172.06
2026-07-27 13:51:17.355,0.37,-0.2,0.92,-169.31,-15.38,172.06
2026-07-27 13:51:17.398,0.19,-0.13,1.05,-83.31,28.81,112.12
2026-07-27 13:51:17.441,0.17,-0.16,1.08,-1.77,-0.73,83.8
2026-07-27 13:51:17.441,0.17,-0.16,1.08,-1.77,-0.73,83.8
2026-07-27 13:51:17.485,0.18,-0.21,0.98,32.41,-52.31,65.61
2026-07-27 13:51:17.486,0.18,-0.21,0.98,32.41,-52.31,65.61
2026-07-27 13:51:17.573,0.13,-0.21,0.79,48.95,-77.88,6.47
2026-07-27 13:51:17.573,0.07,-0.16,0.68,60.49,-57.68,-77.7
2026-07-27 13:51:17.574,0.07,-0.16,0.68,60.49,-57.68,-77.7
2026-07-27 13:51:17.575,0.02,-0.07,0.75,55.48,-8.54,-125.85
2026-07-27 13:51:17.706,0.02,-0.07,0.75,55.48,-8.54,-125.85
2026-07-27 13:51:17.707,0.01,0.06,0.93,50.48,39.18,-132.2
2026-07-27 13:51:17.707,0.06,0.24,1.14,73.0,80.51,-138.43
2026-07-27 13:51:17.707,0.06,0.24,1.14,73.0,80.51,-138.43
2026-07-27 13:51:17.707,0.17,0.39,1.26,104.13,94.79,-148.44
2026-07-27 13:51:17.707,0.17,0.39,1.26,104.13,94.79,-148.44
2026-07-27 13:51:17.747,0.23,0.37,1.1,93.63,36.25,-123.11
2026-07-27 13:51:17.796,0.25,0.21,0.75,25.27,-102.05,-15.93
2026-07-27 13:51:17.796,0.25,0.21,0.75,25.27,-102.05,-15.93
2026-07-27 13:51:17.879,0.39,0.1,0.58,-42.79,-265.2,136.9
2026-07-27 13:51:17.879,0.39,0.1,0.58,-42.79,-265.2,136.9
2026-07-27 13:51:17.880,0.55,0.07,0.55,-12.15,-279.3,193.42
2026-07-27 13:51:17.881,0.53,0.1,0.52,72.33,-113.95,124.82
2026-07-27 13:51:17.923,0.53,0.1,0.52,72.33,-113.95,124.82
2026-07-27 13:51:17.966,0.5,0.15,0.65,100.04,30.4,44.56
2026-07-27 13:51:17.967,0.5,0.15,0.65,100.04,30.4,44.56
2026-07-27 13:51:18.057,0.56,0.19,0.88,78.0,69.15,18.13
2026-07-27 13:51:18.057,0.68,0.15,1.18,18.98,48.65,27.1
2026-07-27 13:51:18.057,0.68,0.15,1.18,18.98,48.65,27.1
2026-07-27 13:51:18.057,0.89,0.08,1.66,-57.8,30.58,36.8
2026-07-27 13:51:18.098,0.89,0.08,1.66,-57.8,30.58,36.8
2026-07-27 13:51:18.098,1.09,-0.05,2.43,-94.67,54.57,78.86
2026-07-27 13:51:18.145,1.06,-0.4,3.02,-129.03,108.15,210.63
2026-07-27 13:51:18.145,1.06,-0.4,3.02,-129.03,108.15,210.63
2026-07-27 13:51:18.187,0.73,-0.7,2.77,-211.0,153.44,399.35
2026-07-27 13:51:18.187,0.73,-0.7,2.77,-211.0,153.44,399.35
2026-07-27 13:51:18.229,0.26,-0.7,1.86,-263.85,179.02,514.16
2026-07-27 13:51:18.405,-0.04,-0.46,0.86,-226.93,170.35,417.97
2026-07-27 13:51:18.405,-0.04,-0.46,0.86,-226.93,170.35,417.97
2026-07-27 13:51:18.405,-0.02,-0.12,0.12,-142.82,122.99,175.05
2026-07-27 13:51:18.406,0.17,0.16,-0.26,-61.28,85.02,25.15
2026-07-27 13:51:18.406,0.17,0.16,-0.26,-61.28,85.02,25.15
2026-07-27 13:51:18.407,0.33,0.36,-0.41,-33.63,103.58,31.68
2026-07-27 13:51:18.408,0.33,0.36,-0.41,-33.63,103.58,31.68
2026-07-27 13:51:18.417,0.42,0.48,-0.51,-65.49,133.18,56.76
2026-07-27 13:51:18.450,0.42,0.48,-0.55,-89.05,103.45,47.42
2026-07-27 13:51:18.450,0.42,0.48,-0.55,-89.05,103.45,47.42
2026-07-27 13:51:18.491,0.34,0.41,-0.44,-91.37,14.95,52.73
2026-07-27 13:51:18.492,0.34,0.41,-0.44,-91.37,14.95,52.73
2026-07-27 13:51:18.580,0.25,0.34,-0.25,-72.69,-70.68,64.7
2026-07-27 13:51:18.580,0.16,0.26,-0.11,-10.68,-92.83,67.2
2026-07-27 13:51:18.580,0.16,0.26,-0.11,-10.68,-92.83,67.2
2026-07-27 13:51:18.622,0.19,0.27,0.1,58.78,-83.07,56.76
2026-07-27 13:51:18.623,0.19,0.27,0.1,58.78,-83.07,56.76
2026-07-27 13:51:18.716,0.24,0.22,1.15,128.72,-144.59,-9.16
2026-07-27 13:51:18.717,0.24,0.22,1.15,245.36,-248.84,-175.23
2026-07-27 13:51:18.717,0.16,-0.8,2.94,245.36,-248.84,-175.23
2026-07-27 13:51:18.754,0.45,-2.47,3.65,252.5,-301.15,-416.32
2026-07-27 13:51:18.754,0.63,-2.69,2.6,55.42,-276.12,-455.81
2026-07-27 13:51:18.797,0.63,-2.69,2.6,55.42,-276.12,-455.81
2026-07-27 13:51:18.798,0.17,-1.44,0.95,-96.92,-164.06,-193.12
2026-07-27 13:51:18.845,0.17,-1.44,0.95,-96.92,-164.06,-193.12
2026-07-27 13:51:18.846,-0.25,-0.4,-0.05,-37.72,-18.49,68.79
2026-07-27 13:51:18.885,-0.28,-0.01,-0.11,97.84,70.56,156.13
2026-07-27 13:51:18.885,-0.28,-0.01,-0.11,97.84,70.56,156.13
2026-07-27 13:51:18.929,-0.16,0.04,0.2,115.66,43.15,113.28
2026-07-27 13:51:18.930,-0.16,0.04,0.2,115.66,43.15,113.28
2026-07-27 13:51:18.974,-0.05,-0.05,0.42,35.22,-70.8,14.89
2026-07-27 13:51:19.061,0.18,-0.08,0.67,16.3,-131.47,-84.78
2026-07-27 13:51:19.062,0.18,-0.08,0.67,16.3,-131.47,-84.78
2026-07-27 13:51:19.062,0.57,-0.11,1.05,117.07,-34.42,-128.23
2026-07-27 13:51:19.062,0.57,-0.11,1.05,117.07,-34.42,-128.23
2026-07-27 13:51:19.104,0.63,0.25,1.37,295.29,153.2,-98.33
2026-07-27 13:51:19.104,0.3,0.54,1.27,317.32,231.93,-48.77
2026-07-27 13:51:19.149,0.3,0.54,1.27,317.32,231.93,-48.77
2026-07-27 13:51:19.149,0.06,0.38,0.74,155.76,128.42,33.51
2026-07-27 13:51:19.193,0.06,0.38,0.74,155.76,128.42,33.51
2026-07-27 13:51:19.235,0.02,0.48,0.32,127.38,7.81,99.3
2026-07-27 13:51:19.235,0.09,0.53,0.33,169.19,-13.55,44.31
2026-07-27 13:51:19.279,0.09,0.53,0.33,169.19,-13.55,44.31
2026-07-27 13:51:19.279,0.18,0.37,0.62,86.98,-13.79,-44.13
2026-07-27 13:51:19.366,0.18,0.37,0.62,86.98,-13.79,-44.13
2026-07-27 13:51:19.366,0.25,0.35,0.91,-21.79,-50.17,-43.09
2026-07-27 13:51:19.367,0.34,0.5,1.05,-65.12,-90.15,22.03
2026-07-27 13:51:19.368,0.34,0.5,1.05,-65.12,-90.15,22.03
2026-07-27 13:51:19.454,0.35,0.62,1.14,-75.93,-123.84,58.23
2026-07-27 13:51:19.454,0.35,0.62,1.14,-75.93,-123.84,58.23
2026-07-27 13:51:19.455,0.29,0.57,1.22,-100.4,-138.79,46.33
2026-07-27 13:51:19.456,0.26,0.49,1.16,-130.74,-128.36,31.68
2026-07-27 13:51:19.498,0.26,0.49,1.16,-130.74,-128.36,31.68
2026-07-27 13:51:19.542,0.23,0.49,1.05,-109.68,-101.99,46.75
2026-07-27 13:51:19.543,0.23,0.49,1.05,-109.68,-101.99,46.75
2026-07-27 13:51:19.585,0.16,0.47,0.99,-25.33,-65.61,69.34
2026-07-27 13:51:19.585,0.1,0.38,0.94,47.12,-33.33,66.89
2026-07-27 13:51:19.644,0.1,0.38,0.94,47.12,-33.33,66.89
2026-07-27 13:51:19.645,0.07,0.33,0.93,56.82,-11.17,38.15
2026-07-27 13:51:19.673,0.07,0.33,0.93,56.82,-11.17,38.15
2026-07-27 13:51:19.673,0.04,0.38,0.94,40.95,3.42,5.92
2026-07-27 13:51:19.716,0.02,0.45,0.93,35.64,12.15,-8.61
2026-07-27 13:51:19.716,0.02,0.45,0.93,35.64,12.15,-8.61
2026-07-27 13:51:19.761,0.02,0.47,0.88,32.35,20.45,-12.15
2026-07-27 13:51:19.761,0.02,0.47,0.88,32.35,20.45,-12.15
2026-07-27 13:51:19.848,0.04,0.44,0.84,16.6,28.75,-21.06
2026-07-27 13:51:19.848,0.09,0.42,0.82,-8.91,40.16,-37.17
2026-07-27 13:51:19.849,0.09,0.42,0.82,-8.91,40.16,-37.17
2026-07-27 13:51:19.935,0.18,0.43,0.84,-30.94,51.57,-61.89
2026-07-27 13:51:19.943,0.18,0.43,0.84,-30.94,51.57,-61.89
2026-07-27 13:51:19.944,0.26,0.39,0.91,-52.55,48.16,-88.93
2026-07-27 13:51:19.944,0.3,0.29,0.95,-77.88,36.38,-121.28
2026-07-27 13:51:19.979,0.3,0.29,0.95,-77.88,36.38,-121.28
2026-07-27 13:51:19.979,0.29,0.24,0.96,-94.42,36.87,-159.42
2026-07-27 13:51:20.067,0.29,0.24,0.96,-94.42,36.87,-159.42
2026-07-27 13:51:20.068,0.29,0.24,0.92,-88.93,51.03,-172.24
2026-07-27 13:51:20.068,0.33,0.2,0.86,-76.23,60.42,-163.76
2026-07-27 13:51:20.068,0.33,0.2,0.86,-76.23,60.42,-163.76
2026-07-27 13:51:20.110,0.33,0.15,0.9,-88.13,55.6,-165.71
2026-07-27 13:51:20.110,0.33,0.15,0.9,-88.13,55.6,-165.71
2026-07-27 13:51:20.156,0.25,0.11,0.96,-109.92,43.15,-155.4
2026-07-27 13:51:20.198,0.15,0.05,0.97,-109.25,24.66,-111.02
2026-07-27 13:51:20.198,0.15,0.05,0.97,-109.25,24.66,-111.02
2026-07-27 13:51:20.251,0.05,0.01,1.05,-93.75,10.07,-77.76
2026-07-27 13:51:20.251,0.05,0.01,1.05,-93.75,10.07,-77.76
2026-07-27 13:51:20.286,0.05,0.01,1.05,-93.75,10.07,-77.76
2026-07-27 13:51:20.286,0.05,0.01,1.05,-93.75,10.07,-77.76
2026-07-27 13:51:20.379,0.05,-0.05,1.19,-21.91,12.63,-66.04
2026-07-27 13:51:20.379,0.12,-0.03,1.11,1.59,10.38,-52.06
2026-07-27 13:51:20.379,0.12,-0.03,1.11,1.59,10.38,-52.06
2026-07-27 13:51:20.379,0.14,-0.04,1.06,0.43,1.59,-45.78
2026-07-27 13:51:20.416,0.14,-0.04,1.06,0.43,1.59,-45.78
2026-07-27 13:51:20.416,0.15,-0.06,1.02,14.89,2.14,-27.59
2026-07-27 13:51:20.460,0.15,-0.06,1.02,40.1,10.38,-1.16
2026-07-27 13:51:20.460,0.16,-0.04,0.96,40.1,10.38,-1.16
2026-07-27 13:51:20.505,0.12,-0.01,0.97,40.34,15.01,6.71
2026-07-27 13:51:20.506,0.12,-0.01,0.97,40.34,15.01,6.71
2026-07-27 13:51:20.549,0.05,0.01,1.0,25.33,21.42,2.99
2026-07-27 13:51:20.551,0.05,0.01,1.0,25.33,21.42,2.99
2026-07-27 13:51:20.636,0.01,0.01,1.01,26.92,28.2,6.9
2026-07-27 13:51:20.636,-0.0,0.03,1.01,43.7,28.14,17.64
2026-07-27 13:51:20.637,-0.0,0.03,1.01,43.7,28.14,17.64
2026-07-27 13:51:20.682,-0.02,0.08,1.01,59.33,23.38,28.99
2026-07-27 13:51:20.682,-0.02,0.08,1.01,59.33,23.38,28.99
2026-07-27 13:51:20.771,-0.05,0.13,1.0,60.36,17.64,35.46
2026-07-27 13:51:20.771,-0.09,0.17,1.04,48.46,12.21,32.59
2026-07-27 13:51:20.771,-0.09,0.17,1.04,48.46,12.21,32.59
2026-07-27 13:51:20.771,-0.12,0.17,1.11,35.64,9.77,24.9
2026-07-27 13:51:20.811,-0.14,0.17,1.13,26.67,10.44,18.68
2026-07-27 13:51:20.811,-0.14,0.17,1.13,26.67,10.44,18.68
2026-07-27 13:51:20.854,-0.16,0.21,1.15,18.07,13.49,10.62
2026-07-27 13:51:20.901,-0.16,0.21,1.15,18.07,13.49,10.62
2026-07-27 13:51:20.901,-0.21,0.25,1.17,9.52,19.29,-5.62
2026-07-27 13:51:20.942,-0.21,0.25,1.17,9.52,19.29,-5.62
2026-07-27 13:51:20.942,-0.22,0.24,1.11,5.25,27.4,-22.83
2026-07-27 13:51:21.029,-0.21,0.23,0.99,0.55,32.53,-34.73
2026-07-27 13:51:21.029,-0.21,0.23,0.99,0.55,32.53,-34.73
2026-07-27 13:51:21.030,-0.2,0.22,0.9,-5.74,33.75,-42.85
2026-07-27 13:51:21.030,-0.2,0.22,0.9,-5.74,33.75,-42.85
2026-07-27 13:51:21.078,-0.19,0.2,0.84,-1.95,34.61,-38.94
2026-07-27 13:51:21.078,-0.19,0.2,0.81,5.37,28.75,-27.16
2026-07-27 13:51:21.204,-0.19,0.2,0.81,5.37,28.75,-27.16
2026-07-27 13:51:21.205,-0.2,0.17,0.84,2.08,12.7,-25.57
2026-07-27 13:51:21.205,-0.2,0.17,0.84,2.08,12.7,-25.57
2026-07-27 13:51:21.206,-0.2,0.12,0.86,-5.13,-2.44,-30.27
2026-07-27 13:51:21.206,-0.18,0.09,0.85,-7.02,-8.85,-27.16
2026-07-27 13:51:21.207,-0.18,0.09,0.85,-7.02,-8.85,-27.16
2026-07-27 13:51:21.248,-0.18,0.08,0.81,-2.93,-8.97,-15.62
2026-07-27 13:51:21.291,-0.18,0.08,0.81,-2.93,-8.97,-15.62
2026-07-27 13:51:21.292,-0.18,0.09,0.82,5.37,-6.65,-3.6
2026-07-27 13:51:21.423,-0.18,0.09,0.82,8.73,-5.92,2.01
2026-07-27 13:51:21.425,-0.21,0.09,0.89,8.73,-5.92,2.01
2026-07-27 13:51:21.425,-0.26,0.09,0.98,1.89,-7.51,-1.34
2026-07-27 13:51:21.425,-0.26,0.09,0.98,1.89,-7.51,-1.34
2026-07-27 13:51:21.426,-0.25,0.06,1.04,-6.41,-6.47,-10.5
2026-07-27 13:51:21.426,-0.25,0.06,1.04,-6.41,-6.47,-10.5
2026-07-27 13:51:21.510,-0.22,-0.0,1.04,-13.85,6.41,-15.99
2026-07-27 13:51:21.511,-0.21,-0.0,0.98,-17.4,16.17,-10.68
2026-07-27 13:51:21.512,-0.21,-0.0,0.98,-17.4,16.17,-10.68
2026-07-27 13:51:21.513,-0.18,0.04,0.88,-11.72,3.85,-2.38
2026-07-27 13:51:21.554,-0.18,0.04,0.88,-11.72,3.85,-2.38
2026-07-27 13:51:21.554,-0.16,0.05,0.82,-5.55,-12.39,1.28
2026-07-27 13:51:21.597,-0.13,0.07,0.78,0.49,-18.55,5.8
2026-07-27 13:51:21.598,-0.13,0.07,0.78,0.49,-18.55,5.8
2026-07-27 13:51:21.729,-0.1,0.09,0.75,11.78,-20.94,15.93
2026-07-27 13:51:21.729,-0.1,0.09,0.75,11.78,-20.94,15.93
2026-07-27 13:51:21.730,-0.07,0.11,0.73,26.06,-25.7,29.85
2026-07-27 13:51:21.731,-0.07,0.11,0.73,44.37,-25.39,52.25
2026-07-27 13:51:21.731,-0.04,0.14,0.74,44.37,-25.39,52.25
2026-07-27 13:51:21.818,-0.02,0.23,0.76,71.66,-11.6,85.69
2026-07-27 13:51:21.818,-0.02,0.23,0.76,71.66,-11.6,85.69
2026-07-27 13:51:21.818,-0.03,0.36,0.81,95.28,-2.38,110.17
2026-07-27 13:51:21.818,-0.03,0.36,0.81,95.28,-2.38,110.17
2026-07-27 13:51:21.860,-0.05,0.42,0.87,94.42,-11.11,108.03
2026-07-27 13:51:21.860,-0.06,0.44,0.91,69.34,-34.18,81.97
2026-07-27 13:51:21.907,-0.06,0.44,0.91,69.34,-34.18,81.97
2026-07-27 13:51:21.907,-0.11,0.47,0.96,26.86,-63.05,47.97
2026-07-27 13:51:21.991,-0.11,0.47,0.96,26.86,-63.05,47.97
2026-07-27 13:51:21.992,-0.11,0.47,0.96,26.86,-63.05,47.97
2026-07-27 13:51:21.992,-0.11,0.47,0.96,26.86,-63.05,47.97
2026-07-27 13:51:21.993,-0.13,0.45,0.97,-25.27,-50.96,29.11
2026-07-27 13:51:22.167,-0.1,0.41,0.99,-44.62,-34.73,16.24
2026-07-27 13:51:22.168,-0.1,0.41,0.99,-44.62,-34.73,16.24
2026-07-27 13:51:22.168,-0.04,0.38,1.0,-67.26,-25.39,-8.54
2026-07-27 13:51:22.168,-0.04,0.38,1.0,-67.26,-25.39,-8.54
2026-07-27 13:51:22.169,0.03,0.31,1.0,-86.49,-13.92,-37.9
2026-07-27 13:51:22.170,0.07,0.26,1.17,-101.93,15.75,-64.27
2026-07-27 13:51:22.171,0.07,0.26,1.17,-101.93,15.75,-64.27
2026-07-27 13:51:22.210,0.1,0.17,1.31,-144.96,14.4,-61.34
2026-07-27 13:51:22.210,0.1,0.17,1.31,-144.96,14.4,-61.34
2026-07-27 13:51:22.262,0.15,-0.05,1.13,-212.34,-44.43,-21.67
2026-07-27 13:51:22.262,0.21,-0.22,0.91,-232.24,-42.6,-13.37
2026-07-27 13:51:22.298,0.21,-0.22,0.91,-232.24,-42.6,-13.37
2026-07-27 13:51:22.298,0.25,-0.28,0.89,-178.71,30.7,-66.77
2026-07-27 13:51:22.341,0.25,-0.28,0.89,-178.71,30.7,-66.77
2026-07-27 13:51:22.386,0.22,-0.27,0.96,-56.46,53.04,-79.28
2026-07-27 13:51:22.387,0.15,-0.18,0.99,52.86,30.52,-15.5
2026-07-27 13:51:22.472,0.15,-0.18,0.99,52.86,30.52,-15.5
2026-07-27 13:51:22.473,0.09,-0.21,0.99,54.02,24.96,20.69
2026-07-27 13:51:22.474,0.09,-0.21,0.99,54.02,24.96,20.69
2026-07-27 13:51:22.474,0.07,-0.3,0.96,17.4,21.73,7.2
2026-07-27 13:51:22.516,0.07,-0.28,0.96,20.32,2.81,-10.31
2026-07-27 13:51:22.517,0.07,-0.28,0.96,20.32,2.81,-10.31
2026-07-27 13:51:22.604,0.07,-0.18,0.97,30.64,-10.99,-15.99
2026-07-27 13:51:22.604,0.07,-0.18,0.97,30.64,-10.99,-15.99
2026-07-27 13:51:22.605,0.08,-0.15,0.97,17.82,-5.19,-6.29
2026-07-27 13:51:22.606,0.08,-0.15,0.96,-12.02,12.08,9.52
2026-07-27 13:51:22.657,0.08,-0.15,0.96,-12.02,12.08,9.52
2026-07-27 13:51:22.735,0.04,-0.21,0.89,-52.55,33.94,24.96
2026-07-27 13:51:22.736,0.04,-0.21,0.89,-52.55,33.94,24.96
2026-07-27 13:51:22.736,-0.0,-0.3,0.76,-40.71,37.17,35.64
2026-07-27 13:51:22.737,-0.01,-0.22,0.71,95.89,13.98,48.65
2026-07-27 13:51:22.910,-0.01,-0.22,0.71,95.89,13.98,48.65
2026-07-27 13:51:22.911,-0.01,-0.04,0.83,181.64,-5.25,56.64
2026-07-27 13:51:22.911,-0.01,-0.04,0.83,102.97,-7.39,37.05
2026-07-27 13:51:22.912,-0.01,0.03,0.98,102.97,-7.39,37.05
2026-07-27 13:51:22.913,0.0,0.01,1.03,8.42,-2.75,7.39
2026-07-27 13:51:22.914,0.0,0.01,1.03,8.42,-2.75,7.39
2026-07-27 13:51:22.915,0.01,-0.02,1.02,-24.29,0.55,-6.1
2026-07-27 13:51:22.915,0.01,-0.02,1.02,-24.29,0.55,-6.1
2026-07-27 13:51:22.960,0.01,-0.03,1.0,-16.54,1.16,-5.49
2026-07-27 13:51:22.998,0.0,-0.03,0.99,-2.81,0.55,-1.4
2026-07-27 13:51:22.998,0.0,-0.03,0.99,-2.81,0.55,-1.4
2026-07-27 13:51:23.041,0.0,-0.02,0.99,2.99,0.06,0.85
2026-07-27 13:51:23.042,0.0,-0.02,0.99,2.99,0.06,0.85
2026-07-27 13:51:23.129,0.0,-0.02,0.99,2.5,-0.12,0.98
2026-07-27 13:51:23.131,0.0,-0.02,0.99,0.55,-0.06,0.43
2026-07-27 13:51:23.131,0.0,-0.02,0.99,0.55,-0.06,0.43
2026-07-27 13:51:23.131,0.0,-0.02,0.99,-0.49,0.06,0.06
2026-07-27 13:51:23.172,0.0,-0.02,0.99,-0.49,0.06,0.06
2026-07-27 13:51:23.173,0.0,-0.02,0.99,-0.55,0.18,0.0
2026-07-27 13:51:23.220,0.0,-0.02,0.99,-0.55,0.18,0.0
2026-07-27 13:51:23.220,0.0,-0.02,0.99,-0.24,0.12,0.06
2026-07-27 13:51:23.304,0.01,-0.02,0.99,0.0,0.06,-2.2
2026-07-27 13:51:23.304,0.01,-0.02,0.99,0.0,0.06,-2.2
2026-07-27 13:51:23.305,0.01,-0.02,0.99,0.18,-0.12,-14.1
2026-07-27 13:51:23.305,0.01,-0.02,0.99,0.18,-0.12,-14.1
2026-07-27 13:51:23.352,-0.0,-0.03,0.99,0.37,-0.24,-23.86
2026-07-27 13:51:23.353,-0.0,-0.03,0.99,0.37,-0.24,-23.86
2026-07-27 13:51:23.397,-0.0,-0.03,0.99,0.18,-0.12,-17.21
2026-07-27 13:51:23.435,0.0,-0.03,0.99,-0.06,0.06,-5.86
2026-07-27 13:51:23.435,0.0,-0.03,0.99,-0.06,0.06,-5.86
2026-07-27 13:51:23.523,0.0,-0.02,0.99,-0.12,0.18,-0.43
2026-07-27 13:51:23.523,0.0,-0.02,0.99,-0.12,0.18,-0.43
2026-07-27 13:51:23.524,0.0,-0.02,0.99,-0.06,0.12,-0.24
2026-07-27 13:51:23.524,0.0,-0.02,0.99,-0.06,0.12,-0.24
2026-07-27 13:51:23.525,0.0,-0.02,0.99,-0.06,0.12,-0.24
2026-07-27 13:51:23.580,0.0,-0.02,0.99,-0.06,0.12,-0.24
2026-07-27 13:51:23.580,0.0,-0.03,0.99,-0.06,0.0,-2.81
2026-07-27 13:51:23.611,0.0,-0.03,0.99,-0.06,-0.06,-2.44
2026-07-27 13:51:23.612,0.0,-0.03,0.99,-0.06,-0.06,-2.44
2026-07-27 13:51:23.654,0.0,-0.03,0.99,-0.06,-0.06,-1.22
2026-07-27 13:51:23.654,0.0,-0.03,0.99,-0.06,-0.06,-1.22
2026-07-27 13:51:23.709,0.0,-0.03,0.99,0.0,0.0,0.06
2026-07-27 13:51:23.709,0.0,-0.03,0.99,0.0,0.0,0.06
2026-07-27 13:51:23.741,0.0,-0.03,0.99,0.0,0.0,0.06
2026-07-27 13:51:23.742,0.0,-0.03,0.99,0.0,0.0,0.06
2026-07-27 13:51:23.785,0.0,-0.02,0.99,0.12,0.0,0.37
2026-07-27 13:51:23.786,0.0,-0.02,0.99,0.18,-0.06,0.18
2026-07-27 13:51:23.833,0.0,-0.02,0.99,0.18,-0.06,0.18
2026-07-27 13:51:23.873,0.0,-0.02,0.99,0.24,-0.06,0.12
2026-07-27 13:51:23.873,0.0,-0.02,0.99,0.24,-0.06,0.12
2026-07-27 13:51:23.874,0.0,-0.02,0.99,0.24,-0.06,0.12
2026-07-27 13:51:23.916,0.0,-0.02,0.99,0.24,-0.06,0.12
2026-07-27 13:51:23.962,0.0,-0.02,0.99,0.18,-0.06,0.12
2026-07-27 13:51:23.962,0.0,-0.02,0.99,0.18,-0.06,0.12
2026-07-27 13:51:24.048,0.0,-0.02,0.99,0.18,-0.06,0.12
2026-07-27 13:51:24.049,0.0,-0.02,0.99,0.18,-0.06,0.12
2026-07-27 13:51:24.049,0.0,-0.02,0.99,0.18,-0.06,0.12
2026-07-27 13:51:24.050,0.0,-0.02,0.99,0.24,-0.12,0.18
2026-07-27 13:51:24.103,0.0,-0.02,0.99,0.24,-0.12,0.18
2026-07-27 13:51:24.104,0.0,-0.02,0.99,0.24,-0.12,0.18
2026-07-27 13:51:24.135,0.0,-0.02,0.99,0.18,-0.12,0.12
2026-07-27 13:51:24.135,0.0,-0.02,0.99,0.18,-0.12,0.12
2026-07-27 13:51:24.231,0.0,-0.02,0.99,0.12,-0.06,0.12
2026-07-27 13:51:24.231,0.0,-0.02,0.99,0.12,-0.06,0.12
2026-07-27 13:51:24.231,0.0,-0.03,0.99,0.12,0.0,0.12
2026-07-27 13:51:24.231,0.0,-0.03,0.99,0.12,0.0,0.18
2026-07-27 13:51:24.267,0.0,-0.03,0.99,0.12,0.0,0.18
2026-07-27 13:51:24.267,0.0,-0.02,0.99,0.18,-0.06,0.18
2026-07-27 13:51:24.310,0.0,-0.02,0.99,0.18,-0.06,0.18
2026-07-27 13:51:24.310,0.0,-0.02,0.99,0.18,-0.06,0.18
2026-07-27 13:51:24.355,0.0,-0.02,0.99,0.12,-0.06,0.18
2026-07-27 13:51:24.355,0.0,-0.02,0.99,0.12,-0.06,0.18
2026-07-27 13:51:24.398,0.0,-0.02,0.99,0.12,-0.06,0.18
2026-07-27 13:51:24.398,0.0,-0.02,0.99,0.12,-0.06,0.18
2026-07-27 13:51:24.441,0.0,-0.02,0.99,0.12,-0.06,0.18
2026-07-27 13:51:24.485,0.0,-0.02,0.99,0.12,-0.06,0.18
2026-07-27 13:51:24.485,0.0,-0.03,0.99,0.12,-0.06,0.18
2026-07-27 13:51:24.530,0.0,-0.03,0.99,0.12,-0.06,0.12
2026-07-27 13:51:24.530,0.0,-0.03,0.99,0.12,-0.06,0.12
2026-07-27 13:51:24.573,0.0,-0.02,0.99,0.12,-0.06,0.12
2026-07-27 13:51:24.573,0.0,-0.02,0.99,0.12,-0.06,0.12
2026-07-27 13:51:24.617,0.0,-0.02,0.99,0.12,-0.06,0.12
2026-07-27 13:51:24.617,0.0,-0.02,0.99,0.12,-0.06,0.12
2026-07-27 13:51:24.704,0.0,-0.03,0.99,0.12,-0.06,0.18
2026-07-27 13:51:24.704,0.0,-0.02,0.99,0.12,-0.06,0.18
2026-07-27 13:51:24.704,0.0,-0.02,0.99,0.12,-0.06,0.18
2026-07-27 13:51:24.705,0.0,-0.02,0.99,0.18,-0.06,0.18
